config,seed,horizon_day,utility,gini,variance,std,completed
full,20260721,1,55458.54656343933,0.043555939329193105,1166.229949095726,34.15010906418493,5872
full,20260721,2,108515.9878260543,0.058170893073569374,4864.827695144969,69.74831679076541,11447
full,20260721,3,157321.64653217187,0.07226520895111355,14509.579763109956,120.45571702127698,16641
full,20260721,4,196706.54336030676,0.05865875351768679,19625.575114297426,140.09130991713022,20955
full,20260721,5,246375.7256396211,0.08356812491069099,48849.03308298069,221.0181736486407,26208
full,20260721,6,299104.6440528333,0.09641888449994696,87128.8901702627,295.17603251324914,31699
full,20260721,7,352374.3042086723,0.10232993221412956,127544.61718602949,357.13389251935956,37191
full,20260721,14,687726.1996789192,0.16665907215976516,1017789.8148439251,1008.8556957483687,72989
full,20260721,21,930841.3715713436,0.21355292301542006,3244909.955834501,1801.3633603008864,98756
full,20260721,28,1096965.5611142577,0.21711196682908063,5196749.913870589,2279.6381102864966,117284
full,20260721,37,1379084.2538617807,0.20146467613180508,7557723.374781814,2749.131385507396,147440
no_forecast,20260721,1,55458.54656343933,0.043555939329193105,1166.229949095726,34.15010906418493,5872
no_forecast,20260721,2,108517.42683006247,0.059230949434137425,4931.497057223663,70.22461859792236,11448
no_forecast,20260721,3,157355.50060895472,0.0722801521015497,14637.244275878307,120.9844794834375,16632
no_forecast,20260721,4,196686.74710804646,0.061839340331361736,20744.51412707082,144.0295599072316,20943
no_forecast,20260721,5,246329.03456134239,0.08749189950080782,52000.66370338665,228.0365402811283,26199
no_forecast,20260721,6,299183.4802935585,0.09719697015859463,89807.66574969121,299.6792714715037,31700
no_forecast,20260721,7,352482.4096396929,0.10300460742116657,130755.5777388447,361.6014072688942,37194
no_forecast,20260721,14,688203.4956799187,0.16421081520914527,978735.2620141723,989.3104982836138,72980
no_forecast,20260721,21,896356.6751298797,0.18923722822440014,2340809.4723541443,1529.9704155159814,93838
no_forecast,20260721,28,1014997.5752105725,0.1795772380088725,2818674.5406973176,1678.8908662260683,105689
no_forecast,20260721,37,1177021.959366755,0.1515951070465249,2830811.623759534,1682.5015969560131,120728
no_fairness,20260721,1,55496.187552500516,0.23462604462286407,13022.71054501259,114.11709137991815,5822
no_fairness,20260721,2,106836.60979325046,0.27679814377862577,66797.96347610594,258.4530198626163,11235
no_fairness,20260721,3,152435.83846814337,0.32042462513630343,179981.66350079235,424.24245839000173,16105
no_fairness,20260721,4,189488.85574120295,0.35080891495408384,335385.611038518,579.1248665344272,20164
no_fairness,20260721,5,227814.24206298077,0.3740271688208674,559079.5962945464,747.7162538654261,24156
no_fairness,20260721,6,266796.9059933188,0.38288271639598226,813426.937998934,901.9018449914237,28111
no_fairness,20260721,7,305424.3072416221,0.3981828038858308,1164173.1588298439,1078.9685624844885,31925
no_fairness,20260721,14,491394.40399170347,0.42885558775856136,3579173.5793654146,1891.8703917989242,50316
no_fairness,20260721,21,613843.3917453774,0.4389331728487067,5966115.5977160605,2442.563325221285,62240
no_fairness,20260721,28,712771.0842150233,0.4469813371188778,8435274.018024797,2904.3543203309055,72252
no_fairness,20260721,37,880414.2040575217,0.44342328501115524,13104087.253689136,3619.956802738002,88334
full,20260722,1,55462.98162820455,0.046250293536303166,1321.1239539374455,36.3472688649016,5872
full,20260722,2,108587.5988943702,0.06002011043211941,5019.181515798144,70.84618208342737,11452
full,20260722,3,157272.99107967174,0.07494408349809012,15464.995580663732,124.35833538876166,16637
full,20260722,4,196676.00108023075,0.06284255456894416,22474.074272099926,149.9135559984484,20951
full,20260722,5,246339.57681237697,0.09103153646906414,56993.213514998,238.73251457436209,26199
full,20260722,6,299091.6532278052,0.10506370580493019,101828.19997101645,319.10531172485435,31692
full,20260722,7,352356.28728734015,0.11126908619251075,150388.44599421404,387.79949199839604,37180
full,20260722,14,682670.1582726152,0.18253437482358015,1189466.660771063,1090.6267284323555,72419
full,20260722,21,932743.7058203048,0.22295168471546467,3623501.0268933917,1903.549586139902,99056
full,20260722,28,1115182.1095098425,0.23634221574204184,6396734.785755953,2529.176701172924,119707
full,20260722,37,1397975.0380640472,0.22486523257754576,10388241.815025887,3223.079554560496,150497
no_forecast,20260722,1,55462.98162820455,0.046250293536303166,1321.1239539374455,36.3472688649016,5872
no_forecast,20260722,2,108587.5988943702,0.06002011043211941,5019.181515798144,70.84618208342737,11452
no_forecast,20260722,3,157291.7883485819,0.07480070107650705,15458.766710128599,124.3332888253528,16632
no_forecast,20260722,4,196694.7965343366,0.06285351370952941,22257.53210545592,149.1895844402548,20946
no_forecast,20260722,5,246459.64297397772,0.0905499866385131,55803.880911078544,236.22845068085797,26199
no_forecast,20260722,6,299229.6892505428,0.10301890115762613,96582.99691372988,310.77805088797675,31694
no_forecast,20260722,7,352531.83843043866,0.10882278978734661,143165.76588611296,378.37252263624134,37192
no_forecast,20260722,14,686369.8534248894,0.1676974817871546,1018776.4587082516,1009.3445688704386,72720
no_forecast,20260722,21,876958.3538500655,0.18995069739492965,2361963.214728129,1536.86798871215,91503
no_forecast,20260722,28,979453.0854969836,0.1733369037321042,2414836.8958114334,1553.9745479934456,101455
no_forecast,20260722,37,1145834.8920284638,0.15078829425692652,2601816.737919181,1613.014797799196,117043
no_fairness,20260722,1,55301.737468480496,0.24702207686850897,14537.077889103593,120.56980504713273,5803
no_fairness,20260722,2,106569.0777939996,0.28947805047799124,72739.48317371689,269.7025828087616,11218
no_fairness,20260722,3,152003.5722028339,0.325413151635936,184966.57639536433,430.07740744587403,16057
no_fairness,20260722,4,188865.3003476486,0.35675817936242193,346388.94880833593,588.5481703381091,20095
no_fairness,20260722,5,227221.47855251312,0.3761218927197987,562448.1404271076,749.9654261545045,24118
no_fairness,20260722,6,266445.49151255365,0.3838347843435743,811375.0610871721,900.7635988910587,28095
no_fairness,20260722,7,306206.38238001434,0.39014219109408943,1107051.1866031666,1052.164999704498,32046
no_fairness,20260722,14,498229.2482918055,0.43175363330304206,3751774.146098667,1936.9497014890878,51209
no_fairness,20260722,21,625221.7052898032,0.4450168122250704,6457198.193011349,2541.101767543234,63610
no_fairness,20260722,28,720608.4363662243,0.4449286669045913,8705491.416001895,2950.506976097819,73307
no_fairness,20260722,37,878311.4110774705,0.4476294908277676,13121197.190760916,3622.3193109885988,88398
full,20260723,1,55449.23822612395,0.04303928860684869,1125.3924390044067,33.54686928767581,5872
full,20260723,2,108555.33443471207,0.058269706350168926,4603.176116497397,67.84671043239604,11450
full,20260723,3,157385.86873954374,0.07483301081787608,14835.095847740246,121.79940824051751,16655
full,20260723,4,196769.17163953924,0.058729855921900276,20173.843106339802,142.03465459647447,20969
full,20260723,5,246494.97947042747,0.08375221826006496,50194.270266484695,224.04077813309945,26225
full,20260723,6,299247.3668151294,0.09817939235654105,91627.75386980247,302.7007662193845,31713
full,20260723,7,352607.0436114854,0.10642605383542603,140525.9603175577,374.8679238312578,37213
full,20260723,14,683476.89346678,0.17732635633731064,1129680.5082725044,1062.8642943821683,72470
full,20260723,21,915005.7760070085,0.2150011057069876,3308234.6737234695,1818.8553196237103,96998
full,20260723,28,1079467.2347082836,0.2267228220977886,5679118.808530661,2383.090180528354,115591
full,20260723,37,1368365.455707642,0.21732968409792375,8553193.207586879,2924.584279446718,146606
no_forecast,20260723,1,55449.23822612395,0.04303928860684869,1125.3924390044067,33.54686928767581,5872
no_forecast,20260723,2,108555.33443471207,0.058269706350168926,4603.176116497397,67.84671043239604,11450
no_forecast,20260723,3,157397.09147706284,0.07321161321809733,14626.214436285172,120.93888719632396,16645
no_forecast,20260723,4,196822.06346467344,0.06081702189956206,21156.515502729406,145.45279475736933,20959
no_forecast,20260723,5,246521.16160821283,0.08660984404635363,52199.309839868656,228.47168279650907,26214
no_forecast,20260723,6,299267.34057783266,0.09724387260226441,90195.96326063026,300.32642784248986,31703
no_forecast,20260723,7,352506.75247636595,0.10738945010102863,139457.30622942236,373.43982946309086,37192
no_forecast,20260723,14,685067.362233983,0.17821598536224337,1141364.651714634,1068.3466907865788,72596
no_forecast,20260723,21,880172.0973821016,0.20996102605722644,2855258.218027804,1689.7509337259748,91875
no_forecast,20260723,28,981668.7503789298,0.19490878156087477,3032529.6347509595,1741.4159855562827,101735
no_forecast,20260723,37,1152713.3445786305,0.15806740807526243,2855859.6954479883,1689.928902483175,117747
no_fairness,20260723,1,55438.83840124916,0.24286799617595012,13981.546356040544,118.24358906951592,5817
no_fairness,20260723,2,106806.90725534126,0.27882852134517155,67128.9733427222,259.0925960785491,11227
no_fairness,20260723,3,152003.6404539438,0.31858897208519776,177229.61907663863,420.9864832469549,16057
no_fairness,20260723,4,188684.2960069433,0.3517644641833815,338422.20784497855,581.7406706127556,20065
no_fairness,20260723,5,226178.30746186478,0.37537510762090265,559868.2999984336,748.2434764155539,23941
no_fairness,20260723,6,264890.94703762024,0.37853599076931044,792060.0829445506,889.9775744054176,27821
no_fairness,20260723,7,304442.9038574915,0.3835592760930526,1064036.9857906217,1031.5216845954435,31738
no_fairness,20260723,14,502534.21318993875,0.43719703383934316,3990858.3851732356,1997.7132890315456,51583
no_fairness,20260723,21,627942.3949157856,0.456619130089033,7036006.461799319,2652.5471648585853,63757
no_fairness,20260723,28,725642.7529237625,0.4632920454314262,9977023.342492262,3158.642642416559,73689
no_fairness,20260723,37,893039.2087175163,0.4693094781916338,15477719.421400711,3934.1732830927403,89733
full,20260724,1,55476.013604731765,0.04356451841276776,1131.3540284754663,33.63560655727002,5872
full,20260724,2,108626.33161037188,0.05566984942827102,4447.096073670491,66.68655092048539,11452
full,20260724,3,157393.57027975627,0.07407686485208931,15140.384462006454,123.04626959809247,16639
full,20260724,4,196747.347237936,0.06225919364103305,22040.118883906012,148.45914887236157,20952
full,20260724,5,246414.38339550595,0.08736158661919857,53334.22698788819,230.9420424866122,26202
full,20260724,6,299114.66753368336,0.09800225412714281,91290.38941987125,302.1429949872597,31694
full,20260724,7,352432.83757251606,0.10621483878680471,138941.0728450125,372.7480017988192,37186
full,20260724,14,687066.3999621646,0.17231693677721838,1086614.0960128107,1042.4078357403166,72882
full,20260724,21,936656.775656714,0.22301535711252618,3603691.6608902467,1898.3391848903732,99432
full,20260724,28,1116866.0093687023,0.23706719411978794,6279272.5222539315,2505.8476654126307,119756
full,20260724,37,1404327.5840214952,0.22316583244694344,9674850.522023616,3110.4421746792877,150796
no_forecast,20260724,1,55476.013604731765,0.04356451841276776,1131.3540284754663,33.63560655727002,5872
no_forecast,20260724,2,108626.33161037188,0.05566984942827102,4447.096073670491,66.68655092048539,11452
no_forecast,20260724,3,157365.41597024555,0.07564049890937086,15696.414724214566,125.28533323663456,16628
no_forecast,20260724,4,196758.9084081636,0.06619925774646274,24213.41101479916,155.60659052494904,20942
no_forecast,20260724,5,246414.81045219724,0.09331875186453664,59185.260185610015,243.28020919427462,26195
no_forecast,20260724,6,299152.59342631453,0.10685075477254102,105983.65840216895,325.551314545294,31684
no_forecast,20260724,7,352414.14277296053,0.11494464296214257,160753.5045578812,400.9407743768164,37169
no_forecast,20260724,14,682412.2972432951,0.18415442372483337,1219824.5137318955,1104.4566599608586,72308
no_forecast,20260724,21,883718.2969178519,0.20544542786488806,2774932.4585573007,1665.812852200781,92217
no_forecast,20260724,28,984380.5462373289,0.1846273786856567,2823746.8849197547,1680.4008107947802,101991
no_forecast,20260724,37,1143644.9948905595,0.1444879331424056,2441978.52787393,1562.6831181893308,116828
no_fairness,20260724,1,55416.379338941326,0.23641456236909475,13353.273646404174,115.55636566803308,5814
no_fairness,20260724,2,106783.66443992144,0.2840100023782137,69566.94981228895,263.7554735210038,11224
no_fairness,20260724,3,151995.25221824172,0.3181376807316403,176919.62177713818,420.6181424726449,16037
no_fairness,20260724,4,188441.25938428205,0.34817113631511565,330385.1515158265,574.791398261862,20039
no_fairness,20260724,5,225813.600201038,0.3671434525446262,533425.109283756,730.3595753351605,23938
no_fairness,20260724,6,264934.9482185675,0.3756940359197847,777866.0115658477,881.9671261253719,27880
no_fairness,20260724,7,304752.86617624125,0.39066171993733034,1112421.914876555,1054.7141389383926,31813
no_fairness,20260724,14,501668.5405218853,0.43945224856004206,4007825.731388281,2001.9554768746184,51484
no_fairness,20260724,21,630719.6353469028,0.4560809403280932,7129651.447805276,2670.14071685469,64022
no_fairness,20260724,28,725453.921474204,0.44880456679439207,9240725.137545178,3039.8561047433113,73603
no_fairness,20260724,37,874475.0526716878,0.44562372015339413,12666382.445902688,3558.98615421621,87790
full,20260725,1,55463.06883626214,0.04396131841703266,1157.9512199749872,34.028682313233745,5872
full,20260725,2,108553.16338033394,0.05610754705112231,4120.641763391464,64.19222510079756,11450
full,20260725,3,157369.3971655309,0.07274438184965137,13878.072584115076,117.80523156513499,16648
full,20260725,4,196697.51426416598,0.05732341760754678,19380.91436053728,139.21535245991112,20962
full,20260725,5,246342.9857873123,0.08578482660477871,51598.04538606027,227.15203143722988,26206
full,20260725,6,299173.5679081986,0.10079925183236971,95988.36463481726,309.81989063779827,31699
full,20260725,7,352438.6057336867,0.10973007595471596,146734.75821714007,383.0597319180653,37186
full,20260725,14,685853.6174501193,0.17366156526051824,1093774.261458887,1045.8366322991785,72749
full,20260725,21,923761.2755782462,0.2022135192099257,2960054.2316212077,1720.4808140811126,97942
full,20260725,28,1099812.7713432515,0.21280551093303646,5141233.314038015,2267.42878918788,117689
full,20260725,37,1366673.5703256715,0.21730434926479925,9106765.082395636,3017.741718967287,146393
no_forecast,20260725,1,55463.06883626214,0.04396131841703266,1157.9512199749872,34.028682313233745,5872
no_forecast,20260725,2,108551.41097794159,0.05671657765122817,4211.062237956332,64.89269787854664,11449
no_forecast,20260725,3,157328.66624387496,0.06917705381506445,13192.68635641822,114.85941997249603,16636
no_forecast,20260725,4,196727.15292940056,0.0599374639790784,19702.26100717581,140.36474274965138,20950
no_forecast,20260725,5,246424.52696202756,0.0870286140328953,52605.212506846015,229.3582623470234,26203
no_forecast,20260725,6,299277.2634499662,0.1014139506504026,95653.47392831378,309.2789581079091,31699
no_forecast,20260725,7,352611.47942373826,0.1117748563016514,149934.0622994306,387.21320005835366,37193
no_forecast,20260725,14,683401.4730659882,0.18217525365041998,1193921.3468240225,1092.66707959196,72372
no_forecast,20260725,21,874611.1381244458,0.20207035871658796,2631760.6044243746,1622.2702008063807,91203
no_forecast,20260725,28,973220.8338351906,0.18489858549029536,2721493.8099385123,1649.6950657435186,100900
no_forecast,20260725,37,1135580.3237880792,0.1514140627232754,2499955.4045983776,1581.1247277170696,116026
no_fairness,20260725,1,55442.33756329924,0.22553528880073914,11972.276342139643,109.4178977230857,5818
no_fairness,20260725,2,106820.76532163247,0.2730995950581194,64674.75925650861,254.31232619853213,11237
no_fairness,20260725,3,152255.1062746178,0.3141203899035421,172447.97395483177,415.2685564244321,16076
no_fairness,20260725,4,189117.441623218,0.3444105099975179,322936.24770660116,568.2747994646614,20114
no_fairness,20260725,5,227454.14153293436,0.36601731294428697,531685.2307325933,729.1674915495022,24089
no_fairness,20260725,6,266187.83882950264,0.3742284198130983,769314.7867632796,877.1059153621526,27994
no_fairness,20260725,7,305864.68691913475,0.386082858723676,1091491.659631648,1044.7447820552386,31914
no_fairness,20260725,14,504898.3809316533,0.4209958355186938,3651537.6641665455,1910.8997001848488,51777
no_fairness,20260725,21,631417.8287652628,0.4318964208992313,6161709.6392792165,2482.2791219520855,64087
no_fairness,20260725,28,727067.2938245473,0.43261668781670015,8134193.146076778,2852.0506913581985,73787
no_fairness,20260725,37,876088.6510693252,0.43757854521577855,11758914.257726956,3429.127331804253,87974
